archivo,formato,tipo,tiene_foto,texto_seleccionable,nombre,email,telefono,ciudad,puesto_actual,empresas,titulos_educacion,instituciones,habilidades,idiomas,anios_experiencia,formato_fechas,casos_especiales
pdf/cv_01_clasico.pdf,clasico,PDF,no,si,Ana Lucía Morales Pérez,ana.morales91@gmail.com,+502 4510-6956,Quetzaltenango,Analista de Datos,Agroexport del Pacífico,Licenciatura en Estadística; Perito Contador,Universidad Francisco Marroquín; Instituto Nacional Central para Varones,Pandas; Tableau; SQL; Python; R; Estadística; Power BI,Español (nativo); K'iche' (intermedio),1.3,corto,
pdf/cv_02_moderno_foto.pdf,moderno_foto,PDF,si,si,Carlos Enrique Rodríguez López,carlos.rodriguez86@outlook.com,+502 4260-9980,Escuintla,Desarrollador Senior,Distribuidora La Ceiba; Farmacias Bienestar; Grupo Volcán,Ingeniería en Ciencias y Sistemas; Perito Contador,Universidad Rafael Landívar; Colegio Americano de Guatemala,AWS; PostgreSQL; REST APIs; Python; Linux,Español (nativo); K'iche' (intermedio); Francés (básico),9.8,num,
pdf/cv_03_tabla.pdf,tabla,PDF,no,si,María José García Castillo,maria.garcia92@yahoo.com,+502 5110-5240,Quetzaltenango,Auditora Interna,Seguros Horizonte; Logística Maya; EduPlus Academia,Licenciatura en Contaduría Pública y Auditoría; Perito Contador,Universidad del Istmo; Colegio Americano de Guatemala,QuickBooks; NIIF; SAT Guatemala; Auditoría,Español (nativo); Francés (básico),7.5,largo,
word/cv_04_sencillo.docx,sencillo,Word,no,si,José Alejandro Hernández Ruiz,jose.hernandez41@gmail.com,+502 5722-9060,San Miguel Petapa,Jefe de Mejora Continua,Clínica Santa Lucía; Innova Digital,Ingeniería Industrial; Bachillerato en Computación,Universidad de San Carlos de Guatemala; Colegio San José de los Infantes,Six Sigma; Lean Manufacturing; Minitab; Gestión de proyectos; AutoCAD,Español (nativo); K'iche' (intermedio); Inglés (intermedio),3.0,anio,
pdf/cv_05_creativo_foto.pdf,creativo_foto,PDF,si,si,Sofía Isabel Méndez Orellana,sofia.mendez46@yahoo.com,+502 3105-1419,Antigua Guatemala,Directora de Arte,Consultores Asociados Ixchel; Almacenes El Faro,Licenciatura en Diseño Gráfico; Bachillerato en Ciencias y Letras,Universidad Rafael Landívar; Instituto Técnico Vocacional,InDesign; Adobe Illustrator; Canva; After Effects; Branding,Español (nativo); K'iche' (intermedio),4.6,corto,
pdf/cv_06_clasico.pdf,clasico,PDF,no,si,Luis Fernando Ramírez Estrada,luis.ramirez18@yahoo.com,+502 3656-4047,Quetzaltenango,Jefe de Servicio,Textiles San Juan; Energía Renovable Chiquimulilla; Hotel Posada Colonial,Posgrado en Analítica de Datos; Licenciatura en Enfermería; Bachillerato en Ciencias y Letras,Universidad del Valle de Guatemala; Universidad Rafael Landívar; Instituto Técnico Vocacional,Manejo de expedientes; Soporte vital básico; Primeros auxilios; Atención de emergencias,Español (nativo); Inglés (avanzado),8.8,num,
pdf/cv_07_escaneado.pdf,escaneado,PDF,no,no,Andrea Paola Cifuentes Monzón,,+502 4353-7684,Antigua Guatemala,Coordinadora de Marketing,Café Altiplano; TecnoCentro GT,Licenciatura en Mercadeo; Perito Contador,Universidad Galileo; Instituto Técnico Vocacional,Google Analytics; Google Ads; Canva; SEO; HubSpot; Copywriting; Meta Ads,Español (nativo); Inglés (intermedio),5.7,largo,Escaneado (imagen): requiere OCR. Sin correo electrónico.
word/cv_08_con_foto_tablas.docx,con_foto_tablas,Word,si,si,Diego Armando Pérez Ajú,diego.perez14@yahoo.com,+502 5075-6137,Villa Nueva,Administrador de Redes,Banco Andino; Soluciones Quetzal S.A.,Técnico Universitario en Informática; Bachillerato en Ciencias y Letras,Universidad Galileo; Colegio San José de los Infantes,Windows Server; Soporte técnico; Redes Cisco; Office 365; Active Directory,Español (nativo); Inglés (avanzado); K'iche' (intermedio),3.1,anio,
pdf/cv_09_moderno_foto.pdf,moderno_foto,PDF,si,si,Gabriela Chávez Solares,gabriela.chavez72@yahoo.com,+502 5361-6739,Villa Nueva,Analista de Reclutamiento,Farmacias Bienestar,Licenciatura en Psicología Industrial; Perito Contador,Universidad Rafael Landívar; Colegio Americano de Guatemala,Reclutamiento y selección; Pruebas psicométricas; Entrevistas por competencias; Clima laboral,Español (nativo); Inglés (intermedio); Francés (básico),2.5,corto,
pdf/cv_10_varias_paginas.pdf,varias_paginas,PDF,no,si,Juan Pablo Barrios Girón,juan.barrios72@gmail.com,+502 3229-2844,Mixco,Coordinador de Logística,Logística Maya; EduPlus Academia; Clínica Santa Lucía,Licenciatura en Administración de Empresas; Perito Contador,Universidad Rafael Landívar; Instituto Nacional Central para Varones,WMS; Gestión de inventarios; Excel; SAP; Cadena de suministro,Español (nativo); K'iche' (intermedio),7.8,num,"Tres páginas, con cursos y referencias (nombres de referencias NO son el candidato)."
pdf/cv_11_creativo_foto.pdf,creativo_foto,PDF,si,si,Valeria Samayoa Reyes,valeria.samayoa19@outlook.com,+502 3934-1382,Ciudad de Guatemala,Desarrolladora Backend,Innova Digital,Ingeniería en Ciencias y Sistemas; Perito Contador,Universidad Rafael Landívar; Colegio Americano de Guatemala,REST APIs; PostgreSQL; Linux; AWS; Django; Docker; Python,Español (nativo); Francés (básico),1.5,largo,
word/cv_12_encabezados_distintos.docx,encabezados_distintos,Word,no,si,Kevin Estuardo Tzul Coc,kevin.tzul46@outlook.com,+502 4881-8496,Antigua Guatemala,Analista de BI,Almacenes El Faro; Telecom Centroamérica,Maestría en Administración de Empresas (MBA); Licenciatura en Estadística; Perito Contador,Universidad Francisco Marroquín; Universidad Mariano Gálvez; Colegio San José de los Infantes,SQL; Tableau; Power BI; Estadística; Pandas,Español (nativo); K'iche' (intermedio); Inglés (intermedio),4.8,anio,Encabezados poco comunes; experiencia redactada en prosa.
pdf/cv_13_tabla.pdf,tabla,PDF,no,si,Daniela Alejandra Ortiz Juárez,daniela.ortiz69@outlook.com,+502 5115-3589,Antigua Guatemala,Jefa de Mejora Continua,Energía Renovable Chiquimulilla; Hotel Posada Colonial; Café Altiplano,Ingeniería Industrial; Bachillerato en Ciencias y Letras,Universidad del Valle de Guatemala; Colegio San José de los Infantes,SAP; Gestión de proyectos; Minitab; AutoCAD; Excel,Español (nativo); Francés (básico),6.2,corto,
word/cv_14_sencillo_sin_seccion_habilidades.docx,sencillo_sin_seccion_habilidades,Word,no,si,Marco Antonio Figueroa Arriaza,marco.figueroa93@gmail.com,+502 5114-1483,Mixco,Contador General,TecnoCentro GT,Maestría en Gestión de Proyectos; Licenciatura en Contaduría Pública y Auditoría; Bachillerato en Computación,Universidad Galileo; Universidad Francisco Marroquín; Instituto Nacional Central para Varones,SAP; Auditoría; QuickBooks; Excel; NIIF; Contabilidad de costos,Español (nativo); K'iche' (intermedio); Francés (básico),2.8,num,No tiene sección de habilidades; aparecen dentro del texto del objetivo.
pdf/cv_15_moderno_foto.pdf,moderno_foto,PDF,si,si,Lucía Fernanda Recinos Paz,lucia.recinos88@outlook.com,+502 4867-6654,Ciudad de Guatemala,Coordinadora de Marketing,Soluciones Quetzal S.A.; Distribuidora La Ceiba,Maestría en Gestión de Proyectos; Licenciatura en Mercadeo; Bachillerato en Ciencias y Letras,Universidad del Istmo; Universidad Francisco Marroquín; Colegio San José de los Infantes,SEO; Canva; Copywriting; Google Ads; Meta Ads; HubSpot; Google Analytics,Español (nativo); Inglés (avanzado),4.4,largo,
pdf/cv_16_escaneado.pdf,escaneado,PDF,no,no,Pedro Xicará Batz,pedro.xicara89@gmail.com,+502 4427-6736,Quetzaltenango,Supervisor de Logística,Grupo Volcán,Licenciatura en Administración de Empresas; Bachillerato en Computación,Universidad Mariano Gálvez; Instituto Nacional Central para Varones,WMS; Cadena de suministro; Importaciones; SAP; Gestión de inventarios,Español (nativo); Francés (básico),3.4,anio,Escaneado (imagen): requiere OCR.
word/cv_17_con_foto_tablas.docx,con_foto_tablas,Word,si,si,Karla Mariela De León Aguilar,karla.de53@yahoo.com,+502 4379-2556,San Miguel Petapa,Jefa de Servicio,EduPlus Academia; Clínica Santa Lucía; Innova Digital,Licenciatura en Enfermería; Bachillerato en Computación,Universidad Mariano Gálvez; Colegio San José de los Infantes,Farmacología; Manejo de expedientes; Primeros auxilios; Soporte vital básico; Atención de emergencias,Español (nativo); K'iche' (intermedio),6.8,corto,Sin perfil/resumen.
pdf/cv_18_creativo_foto.pdf,creativo_foto,PDF,si,si,Roberto Carlos Guzmán Mazariegos,roberto.guzman25@yahoo.com,+502 5207-1186,Ciudad de Guatemala,Director de Arte,Constructora Atitlán; Consultores Asociados Ixchel; Almacenes El Faro,Maestría en Administración de Empresas (MBA); Licenciatura en Diseño Gráfico; Bachillerato en Computación,Universidad Francisco Marroquín; Universidad del Istmo; Colegio San José de los Infantes,Figma; Adobe Illustrator; Photoshop; InDesign; After Effects; Branding,Español (nativo); Inglés (intermedio); K'iche' (intermedio),6.9,num,
word/cv_19_encabezados_distintos.docx,encabezados_distintos,Word,no,si,Mónica Beatriz Pineda Sagastume,monica.pineda33@outlook.com,+502 5000-6358,Escuintla,Coordinadora de Talento,Telecom Centroamérica; Textiles San Juan,Maestría en Gestión de Proyectos; Licenciatura en Psicología Industrial; Bachillerato en Ciencias y Letras,Universidad de San Carlos de Guatemala; Universidad de San Carlos de Guatemala; Instituto Técnico Vocacional,Clima laboral; Entrevistas por competencias; Nómina; Excel; Pruebas psicométricas; Reclutamiento y selección,Español (nativo); K'iche' (intermedio); Francés (básico),4.4,largo,Encabezados poco comunes; experiencia redactada en prosa.
pdf/cv_20_clasico_educacion_primero.pdf,clasico_educacion_primero,PDF,no,si,Javier Esteban Quiñónez Alvarado,javier.quinonez47@outlook.com,+502 3742-2279,Antigua Guatemala,Desarrollador Senior,Hotel Posada Colonial; Café Altiplano,Maestría en Administración de Empresas (MBA); Ingeniería en Ciencias y Sistemas; Bachillerato en Ciencias y Letras,Universidad Rafael Landívar; Universidad Galileo; Instituto Técnico Vocacional,AWS; Django; REST APIs; Docker; Git; SQL,Español (nativo); K'iche' (intermedio); Francés (básico),5.6,anio,Educación antes que experiencia.
